report_date,fips,total_cases,hospitalizations,deaths
2020-03-17T00:00:00.000,6818111,67,18,2
2020-03-18T00:00:00.000,6818111,77,17,2
2020-03-19T00:00:00.000,6818111,94,18,2
2020-03-20T00:00:00.000,6818111,114,20,2
2020-03-21T00:00:00.000,6818111,152,25,2
2020-03-22T00:00:00.000,6818111,219,32,3
2020-03-23T00:00:00.000,6818111,254,38,6
2020-03-24T00:00:00.000,6818111,290,45,6
2020-03-25T00:00:00.000,6818111,391,59,9
2020-03-26T00:00:00.000,6818111,460,65,13
2020-03-27T00:00:00.000,6818111,604,83,14
2020-03-28T00:00:00.000,6818111,739,99,17
2020-03-29T00:00:00.000,6818111,890,112,22
2020-03-30T00:00:00.000,6818111,1020,136,25
2020-03-31T00:00:00.000,6818111,1250,165,27
2020-04-01T00:00:00.000,6818111,1484,208,34
2020-04-02T00:00:00.000,6818111,1706,246,41
2020-04-03T00:00:00.000,6818111,2012,312,46
2020-04-04T00:00:00.000,6818111,2407,390,52
2020-04-05T00:00:00.000,6818111,2637,431,51
2020-04-06T00:00:00.000,6818111,2878,497,54
2020-04-07T00:00:00.000,6818111,3333,563,63
2020-04-08T00:00:00.000,6818111,3645,615,75
2020-04-09T00:00:00.000,6818111,4042,685,109
2020-04-10T00:00:00.000,6818111,4509,772,121
2020-04-11T00:00:00.000,6818111,5077,837,130
2020-04-12T00:00:00.000,6818111,5274,872,141
2020-04-13T00:00:00.000,6818111,5747,903,149
2020-04-14T00:00:00.000,6818111,6171,978,154
2020-04-15T00:00:00.000,6818111,6500,1048,195
2020-04-16T00:00:00.000,6818111,6889,1114,208
2020-04-17T00:00:00.000,6818111,7491,1221,231
2020-04-18T00:00:00.000,6818111,8053,1296,258
2020-04-19T00:00:00.000,6818111,8537,1422,277
2020-04-20T00:00:00.000,6818111,8990,1500,300
2020-04-21T00:00:00.000,6818111,9630,1581,324
2020-04-22T00:00:00.000,6818111,10266,1659,349
2020-04-23T00:00:00.000,6818111,10998,1753,372
2020-04-24T00:00:00.000,6818111,11594,1837,410
2020-04-25T00:00:00.000,6818111,12366,1942,436
2020-04-26T00:00:00.000,6818111,12970,2014,448
2020-04-27T00:00:00.000,6818111,13535,2066,458
2020-04-28T00:00:00.000,6818111,14339,2165,492
2020-04-29T00:00:00.000,6818111,14961,2259,522
2020-04-30T00:00:00.000,6818111,15846,2322,552
2020-05-01T00:00:00.000,6818111,16901,2416,581
2020-05-02T00:00:00.000,6818111,17731,2519,616
2020-05-03T00:00:00.000,6818111,18671,2627,660
2020-05-04T00:00:00.000,6818111,19492,2700,684
2020-05-05T00:00:00.000,6818111,20256,2773,713
2020-05-06T00:00:00.000,6818111,20985,2890,737
2020-05-07T00:00:00.000,6818111,21570,2955,769
2020-05-08T00:00:00.000,6818111,22342,3059,812
2020-05-09T00:00:00.000,6818111,23196,3164,827
2020-05-10T00:00:00.000,6818111,24081,3211,839
2020-05-11T00:00:00.000,6818111,25070,3300,850
2020-05-12T00:00:00.000,6818111,25800,3395,891
2020-05-13T00:00:00.000,6818111,26746,3520,927
2020-05-14T00:00:00.000,6818111,27813,3592,955
2020-05-15T00:00:00.000,6818111,28672,3657,977
2020-05-16T00:00:00.000,6818111,29683,3724,1002
2020-05-17T00:00:00.000,6818111,30388,3775,1009
2020-05-18T00:00:00.000,6818111,31140,3822,1014
2020-05-19T00:00:00.000,6818111,32145,3904,1041
2020-05-20T00:00:00.000,6818111,32908,3979,1074
2020-05-21T00:00:00.000,6818111,34137,4093,1099
2020-05-22T00:00:00.000,6818111,34950,4145,1136
2020-05-23T00:00:00.000,6818111,35749,4181,1159
2020-05-24T00:00:00.000,6818111,36244,4214,1171
2020-05-25T00:00:00.000,6818111,37727,4269,1208
2020-05-26T00:00:00.000,6818111,39342,4325,1236
2020-05-27T00:00:00.000,6818111,40249,4385,1281
2020-05-28T00:00:00.000,6818111,41401,4442,1338
2020-05-29T00:00:00.000,6818111,42533,4529,1358
2020-05-30T00:00:00.000,6818111,43611,4601,1370
2020-05-31T00:00:00.000,6818111,44607,4643,1375
2020-06-01T00:00:00.000,6818111,45398,4694,1392
2020-06-02T00:00:00.000,6818111,46239,4770,1407
2020-06-03T00:00:00.000,6818111,46905,4884,1428
2020-06-04T00:00:00.000,6818111,47856,4957,1445
2020-06-05T00:00:00.000,6818111,48532,5008,1453
2020-06-06T00:00:00.000,6818111,49397,5054,1460
2020-06-07T00:00:00.000,6818111,50681,5106,1472
2020-06-08T00:00:00.000,6818111,51251,5143,1477
2020-06-09T00:00:00.000,6818111,51738,5203,1496
2020-06-10T00:00:00.000,6818111,52177,5272,1514
2020-06-11T00:00:00.000,6818111,52647,5360,1520
2020-06-12T00:00:00.000,6818111,53211,5445,1534
2020-06-13T00:00:00.000,6818111,53869,5511,1541
2020-06-14T00:00:00.000,6818111,54506,5536,1546
2020-06-15T00:00:00.000,6818111,54886,5588,1552
2020-06-16T00:00:00.000,6818111,55331,5643,1570
2020-06-17T00:00:00.000,6818111,55775,5692,1583
2020-06-18T00:00:00.000,6818111,56238,5744,1586
2020-06-19T00:00:00.000,6818111,56793,5797,1602
2020-06-20T00:00:00.000,6818111,57443,5807,1607
2020-06-21T00:00:00.000,6818111,57994,5840,1611
2020-06-22T00:00:00.000,6818111,58465,5869,1620
2020-06-23T00:00:00.000,6818111,58994,5913,1645
2020-06-24T00:00:00.000,6818111,59514,5955,1661
2020-06-25T00:00:00.000,6818111,59946,5995,1675
2020-06-26T00:00:00.000,6818111,60570,6071,1700
2020-06-27T00:00:00.000,6818111,61247,6120,1724
2020-06-28T00:00:00.000,6818111,61736,6136,1732
2020-06-29T00:00:00.000,6818111,62189,6164,1740
2020-06-30T00:00:00.000,6818111,62787,6203,1763
2020-07-01T00:00:00.000,6818111,63203,6262,1786
2020-07-02T00:00:00.000,6818111,63735,6333,1816
2020-07-03T00:00:00.000,6818111,64393,6382,1845
2020-07-04T00:00:00.000,6818111,65109,6405,1849
2020-07-05T00:00:00.000,6818111,65748,6418,1853
2020-07-06T00:00:00.000,6818111,66102,6435,1853
2020-07-07T00:00:00.000,6818111,66740,6512,1881
2020-07-08T00:00:00.000,6818111,67375,6577,1905
2020-07-09T00:00:00.000,6818111,67988,6625,1937
2020-07-10T00:00:00.000,6818111,68931,6675,1958
2020-07-11T00:00:00.000,6818111,69782,6707,1962
2020-07-12T00:00:00.000,6818111,70670,6744,1966
2020-07-13T00:00:00.000,6818111,71642,6765,1968
2020-07-14T00:00:00.000,6818111,72443,6817,1977
2020-07-15T00:00:00.000,6818111,73527,6905,1992
2020-07-16T00:00:00.000,6818111,74431,7020,2007
2020-07-17T00:00:00.000,6818111,75433,7087,2013
2020-07-18T00:00:00.000,6818111,76373,7147,2025
2020-07-19T00:00:00.000,6818111,77430,7165,2027
2020-07-20T00:00:00.000,6818111,78375,7201,2031
2020-07-21T00:00:00.000,6818111,79371,7267,2048
2020-07-22T00:00:00.000,6818111,80393,7351,2051
2020-07-23T00:00:00.000,6818111,81237,7437,2054
2020-07-24T00:00:00.000,6818111,82364,7515,2067
2020-07-25T00:00:00.000,6818111,83609,7570,2075
2020-07-26T00:00:00.000,6818111,84567,7593,2078
2020-07-27T00:00:00.000,6818111,86072,7647,2082
2020-07-28T00:00:00.000,6818111,86994,7686,2095
2020-07-29T00:00:00.000,6818111,87993,7738,2125
2020-07-30T00:00:00.000,6818111,88904,7786,2141
2020-07-31T00:00:00.000,6818111,89888,7866,2174
2020-08-01T00:00:00.000,6818111,90801,7910,2215
2020-08-02T00:00:00.000,6818111,91782,7955,2218
2020-08-03T00:00:00.000,6818111,93106,8018,2218
2020-08-04T00:00:00.000,6818111,94251,8085,2244
2020-08-05T00:00:00.000,6818111,95049,8126,2274
2020-08-06T00:00:00.000,6818111,95867,8183,2299
2020-08-07T00:00:00.000,6818111,97882,8281,2317
2020-08-08T00:00:00.000,6818111,99189,8332,2322
2020-08-09T00:00:00.000,6818111,100086,8369,2326
2020-08-10T00:00:00.000,6818111,100749,8391,2327
2020-08-11T00:00:00.000,6818111,101745,8458,2344
2020-08-12T00:00:00.000,6818111,102521,8532,2352
2020-08-13T00:00:00.000,6818111,103622,8592,2363
2020-08-14T00:00:00.000,6818111,104838,8650,2370
2020-08-15T00:00:00.000,6818111,105750,8701,2381
2020-08-16T00:00:00.000,6818111,106687,8737,2381
2020-08-17T00:00:00.000,6818111,107421,8767,2385
2020-08-18T00:00:00.000,6818111,108282,8849,2396
2020-08-19T00:00:00.000,6818111,109019,8925,2410
2020-08-20T00:00:00.000,6818111,109882,8998,2427
2020-08-21T00:00:00.000,6818111,110860,9071,2436
2020-08-22T00:00:00.000,6818111,112072,9139,2443
2020-08-23T00:00:00.000,6818111,112966,9176,2467
2020-08-24T00:00:00.000,6818111,113630,9207,2471
2020-08-25T00:00:00.000,6818111,114635,9259,2494
2020-08-26T00:00:00.000,6818111,115458,9326,2515
2020-08-27T00:00:00.000,6818111,116579,9391,2527
2020-08-28T00:00:00.000,6818111,117592,9460,2550
2020-08-29T00:00:00.000,6818111,118809,9512,2568
2020-08-30T00:00:00.000,6818111,119747,9555,2569
2020-08-31T00:00:00.000,6818111,120594,9569,2580
2020-09-01T00:00:00.000,6818111,121615,9621,2612
2020-09-02T00:00:00.000,6818111,122542,9678,2641
2020-09-03T00:00:00.000,6818111,123668,9741,2652
2020-09-04T00:00:00.000,6818111,124779,9798,2662
2020-09-05T00:00:00.000,6818111,125727,9849,2677
2020-09-06T00:00:00.000,6818111,126926,9881,2678
2020-09-07T00:00:00.000,6818111,127571,9902,2684
2020-09-08T00:00:00.000,6818111,128407,9932,2686
2020-09-09T00:00:00.000,6818111,129289,10008,2697
2020-09-10T00:00:00.000,6818111,130525,10085,2708
2020-09-11T00:00:00.000,6818111,131640,10155,2711
2020-09-12T00:00:00.000,6818111,132940,10218,2722
2020-09-13T00:00:00.000,6818111,133814,10244,2724
2020-09-14T00:00:00.000,6818111,134571,10293,2743
2020-09-15T00:00:00.000,6818111,135514,10337,2839
2020-09-16T00:00:00.000,6818111,136359,10389,2884
2020-09-17T00:00:00.000,6818111,137460,10464,2920
2020-09-18T00:00:00.000,6818111,138702,10520,2949
2020-09-19T00:00:00.000,6818111,139655,10562,2990
2020-09-20T00:00:00.000,6818111,140511,10591,3015
2020-09-21T00:00:00.000,6818111,141138,10613,3021
2020-09-22T00:00:00.000,6818111,142010,10675,3060
2020-09-23T00:00:00.000,6818111,142590,10718,3089
2020-09-24T00:00:00.000,6818111,143492,10769,3113
2020-09-25T00:00:00.000,6818111,144433,10806,3136
2020-09-26T00:00:00.000,6818111,145408,10863,3144
2020-09-27T00:00:00.000,6818111,146144,10889,3159
2020-09-28T00:00:00.000,6818111,146593,10916,3172
2020-09-29T00:00:00.000,6818111,147516,10978,3187
2020-09-30T00:00:00.000,6818111,148271,11041,3208
2020-10-01T00:00:00.000,6818111,148721,11092,3228
2020-10-02T00:00:00.000,6818111,149687,11140,3250
2020-10-03T00:00:00.000,6818111,150803,11191,3270
2020-10-04T00:00:00.000,6818111,151870,11221,3273
2020-10-05T00:00:00.000,6818111,152557,11259,3276
2020-10-06T00:00:00.000,6818111,153182,11316,3291
2020-10-07T00:00:00.000,6818111,153691,11345,3303
2020-10-08T00:00:00.000,6818111,155535,11393,3328
2020-10-09T00:00:00.000,6818111,156649,11447,3344
2020-10-10T00:00:00.000,6818111,157905,11501,3354
2020-10-11T00:00:00.000,6818111,158716,11519,3358
2020-10-12T00:00:00.000,6818111,159570,11553,3361
2020-10-13T00:00:00.000,6818111,160805,11598,3372
2020-10-14T00:00:00.000,6818111,161610,11628,3381
2020-10-15T00:00:00.000,6818111,162941,11704,3388
2020-10-16T00:00:00.000,6818111,164124,11780,3408
2020-10-17T00:00:00.000,6818111,165238,11831,3422
2020-10-18T00:00:00.000,6818111,166138,11861,3433
2020-10-19T00:00:00.000,6818111,166828,11882,3457
2020-10-20T00:00:00.000,6818111,167754,11955,3485
2020-10-21T00:00:00.000,6818111,168772,12010,3515
2020-10-22T00:00:00.000,6818111,170104,12073,3524
2020-10-23T00:00:00.000,6818111,171284,12140,3539
2020-10-24T00:00:00.000,6818111,172372,12198,3578
2020-10-25T00:00:00.000,6818111,173371,12233,3579
2020-10-26T00:00:00.000,6818111,174275,12260,3581
2020-10-27T00:00:00.000,6818111,175409,12320,3600
2020-10-28T00:00:00.000,6818111,176754,12384,3616
2020-10-29T00:00:00.000,6818111,178183,12454,3636
2020-10-30T00:00:00.000,6818111,179639,12511,3643
2020-10-31T00:00:00.000,6818111,181190,12604,3654
2020-11-01T00:00:00.000,6818111,182392,12647,3655
2020-11-02T00:00:00.000,6818111,183418,12674,3658
2020-11-03T00:00:00.000,6818111,184679,12739,3666
2020-11-04T00:00:00.000,6818111,185836,12797,3677
2020-11-05T00:00:00.000,6818111,187202,12865,3688
2020-11-06T00:00:00.000,6818111,188770,12936,3682
2020-11-07T00:00:00.000,6818111,190873,13022,3704
2020-11-08T00:00:00.000,6818111,192175,13064,3707
2020-11-09T00:00:00.000,6818111,193477,13116,3713
2020-11-10T00:00:00.000,6818111,194912,13183,3726
2020-11-11T00:00:00.000,6818111,196506,13273,3741
2020-11-12T00:00:00.000,6818111,198027,13339,3758
2020-11-13T00:00:00.000,6818111,199262,13408,3785
2020-11-14T00:00:00.000,6818111,200799,13480,3799
2020-11-15T00:00:00.000,6818111,201960,13504,3800
2020-11-16T00:00:00.000,6818111,204637,13552,3806
2020-11-17T00:00:00.000,6818111,206762,13608,3835
2020-11-18T00:00:00.000,6818111,208833,13707,3860
2020-11-19T00:00:00.000,6818111,210787,13815,3896
2020-11-20T00:00:00.000,6818111,213331,13914,3912
2020-11-21T00:00:00.000,6818111,215679,14017,3938
2020-11-22T00:00:00.000,6818111,217796,14046,3938
2020-11-23T00:00:00.000,6818111,221038,14096,3942
2020-11-24T00:00:00.000,6818111,223582,14212,3979
2020-11-25T00:00:00.000,6818111,226300,14312,4008
2020-11-26T00:00:00.000,6818111,228900,14417,4029
2020-11-27T00:00:00.000,6818111,230444,14451,4044
2020-11-28T00:00:00.000,6818111,233617,14516,4054
2020-11-29T00:00:00.000,6818111,235942,14572,4058
2020-11-30T00:00:00.000,6818111,237835,14619,4062
2020-12-01T00:00:00.000,6818111,240063,14725,4093
2020-12-02T00:00:00.000,6818111,242480,14883,4113
2020-12-03T00:00:00.000,6818111,244503,15014,4147
2020-12-04T00:00:00.000,6818111,247380,15116,4160
2020-12-05T00:00:00.000,6818111,251173,15255,4197
2020-12-06T00:00:00.000,6818111,255053,15295,4200
2020-12-07T00:00:00.000,6818111,258870,15356,4208
2020-12-08T00:00:00.000,6818111,262730,15467,4260
2020-12-09T00:00:00.000,6818111,267128,15592,4281
2020-12-10T00:00:00.000,6818111,271043,15723,4335
2020-12-11T00:00:00.000,6818111,274438,15864,4370
2020-12-12T00:00:00.000,6818111,278615,15967,4409
2020-12-13T00:00:00.000,6818111,281909,16014,4411
2020-12-14T00:00:00.000,6818111,285149,16073,4414
2020-12-15T00:00:00.000,6818111,288309,16187,4470
2020-12-16T00:00:00.000,6818111,292240,16353,4508
2020-12-17T00:00:00.000,6818111,296093,16503,4553
2020-12-18T00:00:00.000,6818111,299388,16684,4598
2020-12-19T00:00:00.000,6818111,302972,16824,4643
2020-12-20T00:00:00.000,6818111,306848,16878,4650
2020-12-21T00:00:00.000,6818111,310890,16948,4654
2020-12-22T00:00:00.000,6818111,314481,17083,4705
2020-12-23T00:00:00.000,6818111,319133,17271,4760
2020-12-24T00:00:00.000,6818111,323915,17389,4791
2020-12-25T00:00:00.000,6818111,327993,17450,4820
2020-12-26T00:00:00.000,6818111,329577,17464,4840
2020-12-27T00:00:00.000,6818111,333576,17548,4854
2020-12-28T00:00:00.000,6818111,336175,17605,4861
2020-12-29T00:00:00.000,6818111,340297,17782,4920
2020-12-30T00:00:00.000,6818111,344345,17910,4984
2020-12-31T00:00:00.000,6818111,349584,18041,5032
2021-01-01T00:00:00.000,6818111,354766,18166,5081
2021-01-02T00:00:00.000,6818111,358755,18240,5117
2021-01-03T00:00:00.000,6818111,363765,18310,5124
2021-01-04T00:00:00.000,6818111,367536,18387,5132
2021-01-05T00:00:00.000,6818111,371913,18526,5191
2021-01-06T00:00:00.000,6818111,377300,18636,5226
2021-01-07T00:00:00.000,6818111,382679,18790,5275
2021-01-08T00:00:00.000,6818111,387917,18918,5312
2021-01-09T00:00:00.000,6818111,393715,19025,5381
2021-01-10T00:00:00.000,6818111,398856,19095,5383
2021-01-11T00:00:00.000,6818111,403386,19182,5393
2021-01-12T00:00:00.000,6818111,407947,19326,5477
2021-01-13T00:00:00.000,6818111,412545,19470,5552
2021-01-14T00:00:00.000,6818111,417839,19595,5626
2021-01-15T00:00:00.000,6818111,422634,19741,5656
2021-01-16T00:00:00.000,6818111,429391,19846,5706
2021-01-17T00:00:00.000,6818111,439305,19913,5729
2021-01-18T00:00:00.000,6818111,446550,19982,5739
2021-01-19T00:00:00.000,6818111,451076,20066,5798
2021-01-20T00:00:00.000,6818111,455591,20231,5861
2021-01-21T00:00:00.000,6818111,459604,20405,5940
2021-01-22T00:00:00.000,6818111,463751,20544,6002
2021-01-23T00:00:00.000,6818111,468655,20654,6079
2021-01-24T00:00:00.000,6818111,472447,20712,6078
2021-01-25T00:00:00.000,6818111,478619,20764,6081
2021-01-26T00:00:00.000,6818111,483326,20860,6174
2021-01-27T00:00:00.000,6818111,488553,20986,6228
2021-01-28T00:00:00.000,6818111,493674,21113,6308
2021-01-29T00:00:00.000,6818111,497912,21241,6379
2021-01-30T00:00:00.000,6818111,502221,21377,6449
2021-01-31T00:00:00.000,6818111,504779,21409,6464
2021-02-01T00:00:00.000,6818111,507640,21444,6474
2021-02-02T00:00:00.000,6818111,510380,21516,6517
2021-02-03T00:00:00.000,6818111,513339,21638,6575
2021-02-04T00:00:00.000,6818111,516398,21749,6650
2021-02-05T00:00:00.000,6818111,521467,21893,6732
2021-02-06T00:00:00.000,6818111,526176,22035,6773
2021-02-07T00:00:00.000,6818111,529125,22102,6778
2021-02-08T00:00:00.000,6818111,530825,22167,6820
2021-02-09T00:00:00.000,6818111,534116,22339,6898
2021-02-10T00:00:00.000,6818111,537319,22470,6932
2021-02-11T00:00:00.000,6818111,541018,22615,6958
2021-02-12T00:00:00.000,6818111,544209,22718,6966
2021-02-13T00:00:00.000,6818111,547424,22846,6996
2021-02-14T00:00:00.000,6818111,549999,22906,7012
2021-02-15T00:00:00.000,6818111,551538,22944,7016
2021-02-16T00:00:00.000,6818111,553308,23042,7037
2021-02-17T00:00:00.000,6818111,555592,23179,7075
2021-02-18T00:00:00.000,6818111,557896,23268,7090
2021-02-19T00:00:00.000,6818111,559930,23369,7098
2021-02-20T00:00:00.000,6818111,561812,23436,7197
2021-02-21T00:00:00.000,6818111,564115,23481,7331
2021-02-22T00:00:00.000,6818111,565270,23530,7486
2021-02-23T00:00:00.000,6818111,567039,23698,7658
2021-02-24T00:00:00.000,6818111,568946,23798,7807
2021-02-25T00:00:00.000,6818111,570982,23871,7963
2021-02-26T00:00:00.000,6818111,572639,23978,8197
2021-02-27T00:00:00.000,6818111,574314,24091,8382
2021-02-28T00:00:00.000,6818111,576050,24115,8552
2021-03-01T00:00:00.000,6818111,577174,24158,8783
2021-03-02T00:00:00.000,6818111,578559,24258,8943
2021-03-03T00:00:00.000,6818111,580108,24354,9326
2021-03-04T00:00:00.000,6818111,581408,24414,9357
2021-03-05T00:00:00.000,6818111,583060,24514,9428
2021-03-06T00:00:00.000,6818111,584537,24637,9519
2021-03-07T00:00:00.000,6818111,585700,24661,9596
2021-03-08T00:00:00.000,6818111,586592,24705,9683
2021-03-09T00:00:00.000,6818111,588129,24841,9790
2021-03-10T00:00:00.000,6818111,589375,24925,9849
2021-03-11T00:00:00.000,6818111,590625,25061,9902
2021-03-12T00:00:00.000,6818111,592214,25216,9961
2021-03-13T00:00:00.000,6818111,593562,25262,9985
2021-03-14T00:00:00.000,6818111,594735,25297,10019
2021-03-15T00:00:00.000,6818111,595865,25323,10060
2021-03-16T00:00:00.000,6818111,597141,25439,10104
2021-03-17T00:00:00.000,6818111,598468,25517,10154
2021-03-18T00:00:00.000,6818111,600550,25611,10182
2021-03-19T00:00:00.000,6818111,602182,25711,10092
2021-03-20T00:00:00.000,6818111,603745,25758,10104
2021-03-21T00:00:00.000,6818111,604904,25792,10117
2021-03-22T00:00:00.000,6818111,605967,25820,10127
2021-03-23T00:00:00.000,6818111,607234,25948,10137
2021-03-24T00:00:00.000,6818111,608704,26037,10143
2021-03-25T00:00:00.000,6818111,610263,26087,10147
2021-03-26T00:00:00.000,6818111,612062,26144,10154
2021-03-27T00:00:00.000,6818111,613974,26210,10178
2021-03-28T00:00:00.000,6818111,615366,26243,10198
2021-03-29T00:00:00.000,6818111,616509,26280,10219
2021-03-30T00:00:00.000,6818111,617941,26367,10242
2021-03-31T00:00:00.000,6818111,618976,26455,10252
2021-04-01T00:00:00.000,6818111,620801,26536,10268
2021-04-02T00:00:00.000,6818111,622339,26609,10279
2021-04-03T00:00:00.000,6818111,623881,26669,10287
2021-04-04T00:00:00.000,6818111,625148,26706,10329
2021-04-05T00:00:00.000,6818111,626171,26725,10360
2021-04-06T00:00:00.000,6818111,627605,26815,10401
2021-04-07T00:00:00.000,6818111,629155,26911,10415
2021-04-08T00:00:00.000,6818111,631083,27012,10436
2021-04-09T00:00:00.000,6818111,632625,27099,10451
2021-04-10T00:00:00.000,6818111,634325,27161,10458
2021-04-11T00:00:00.000,6818111,635552,27201,10472
2021-04-12T00:00:00.000,6818111,636862,27229,10486
2021-04-13T00:00:00.000,6818111,638910,27316,10506
2021-04-14T00:00:00.000,6818111,640211,27397,10510
2021-04-15T00:00:00.000,6818111,641626,27493,10529
2021-04-16T00:00:00.000,6818111,643220,27571,10549
2021-04-17T00:00:00.000,6818111,644828,27625,10564
2021-04-18T00:00:00.000,6818111,646133,27649,10581
2021-04-19T00:00:00.000,6818111,647111,27678,10595
2021-04-20T00:00:00.000,6818111,648347,27784,10625
2021-04-21T00:00:00.000,6818111,649608,27852,10640
2021-04-22T00:00:00.000,6818111,650981,27917,10653
2021-04-23T00:00:00.000,6818111,652321,28012,10666
2021-04-24T00:00:00.000,6818111,653326,28057,10675
2021-04-25T00:00:00.000,6818111,654210,28090,10691
2021-04-26T00:00:00.000,6818111,654929,28118,10706
2021-04-27T00:00:00.000,6818111,656034,28194,10724
2021-04-28T00:00:00.000,6818111,657154,28271,10735
2021-04-29T00:00:00.000,6818111,658341,28351,10751
2021-04-30T00:00:00.000,6818111,659590,28443,10770
2021-05-01T00:00:00.000,6818111,660553,28486,10777
2021-05-02T00:00:00.000,6818111,661314,28518,10791
2021-05-03T00:00:00.000,6818111,661925,28542,10807
2021-05-04T00:00:00.000,6818111,662696,28636,10823
2021-05-05T00:00:00.000,6818111,663538,28688,10844
2021-05-06T00:00:00.000,6818111,664394,28771,10861
2021-05-07T00:00:00.000,6818111,665332,28820,10874
2021-05-08T00:00:00.000,6818111,666111,28876,10885
2021-05-09T00:00:00.000,6818111,666650,28897,10895
2021-05-10T00:00:00.000,6818111,666986,28911,10902
2021-05-11T00:00:00.000,6818111,667586,28971,10919
2021-05-12T00:00:00.000,6818111,668147,29038,10934
2021-05-13T00:00:00.000,6818111,668726,29103,10961
2021-05-14T00:00:00.000,6818111,669219,29158,10991
2021-05-15T00:00:00.000,6818111,669904,29200,11008
2021-05-16T00:00:00.000,6818111,670184,29220,11018
2021-05-17T00:00:00.000,6818111,670456,29242,11029
2021-05-18T00:00:00.000,6818111,670834,29290,11042
2021-05-19T00:00:00.000,6818111,671325,29339,11048
2021-05-20T00:00:00.000,6818111,671916,29394,11068
2021-05-21T00:00:00.000,6818111,672312,29441,11074
2021-05-22T00:00:00.000,6818111,672793,29475,11097
2021-05-23T00:00:00.000,6818111,673029,29486,11106
2021-05-24T00:00:00.000,6818111,673105,29505,11116
2021-05-25T00:00:00.000,6818111,673759,29560,11137
2021-05-26T00:00:00.000,6818111,674082,29617,11143
2021-05-27T00:00:00.000,6818111,674439,29655,11152
2021-05-28T00:00:00.000,6818111,674843,29683,11156
2021-05-29T00:00:00.000,6818111,675165,29713,11160
2021-05-30T00:00:00.000,6818111,675392,29734,11173
2021-05-31T00:00:00.000,6818111,675538,29757,11186
2021-06-01T00:00:00.000,6818111,675597,29775,11194
2021-06-02T00:00:00.000,6818111,675783,29815,11206
2021-06-03T00:00:00.000,6818111,676041,29870,11216
2021-06-04T00:00:00.000,6818111,676300,29911,11222
2021-06-05T00:00:00.000,6818111,676586,29946,11229
2021-06-06T00:00:00.000,6818111,676741,29958,11236
2021-06-07T00:00:00.000,6818111,676831,29961,11245
2021-06-08T00:00:00.000,6818111,677013,30020,11253
2021-06-09T00:00:00.000,6818111,677210,30050,11260
2021-06-10T00:00:00.000,6818111,677425,30086,11270
2021-06-11T00:00:00.000,6818111,677530,30122,11283
2021-06-12T00:00:00.000,6818111,677671,30150,11293
2021-06-13T00:00:00.000,6818111,677744,30169,11307
2021-06-14T00:00:00.000,6818111,677812,30182,11318
2021-06-15T00:00:00.000,6818111,677949,30208,11328
2021-06-16T00:00:00.000,6818111,678226,30241,11330
2021-06-17T00:00:00.000,6818111,678392,30263,11336
2021-06-18T00:00:00.000,6818111,678506,30291,11342
2021-06-19T00:00:00.000,6818111,678595,30303,11343
2021-06-20T00:00:00.000,6818111,678649,30317,11351
2021-06-21T00:00:00.000,6818111,678765,30331,11360
2021-06-22T00:00:00.000,6818111,678909,30361,11367
2021-06-23T00:00:00.000,6818111,679137,30346,11368
2021-06-24T00:00:00.000,6818111,679330,30336,11378
2021-06-25T00:00:00.000,6818111,679472,30350,11389
2021-06-26T00:00:00.000,6818111,679680,30364,11392
2021-06-27T00:00:00.000,6818111,679829,30365,11397
2021-06-28T00:00:00.000,6818111,679917,30379,11402
2021-06-29T00:00:00.000,6818111,680065,30417,11412
2021-06-30T00:00:00.000,6818111,680340,30458,11415
2021-07-01T00:00:00.000,6818111,680564,30510,11419
2021-07-02T00:00:00.000,6818111,680744,30565,11423
2021-07-03T00:00:00.000,6818111,680904,30628,11423
2021-07-04T00:00:00.000,6818111,681072,30633,11427
2021-07-05T00:00:00.000,6818111,681194,30639,11431
2021-07-06T00:00:00.000,6818111,681326,30651,11434
2021-07-07T00:00:00.000,6818111,681599,30666,11436
2021-07-08T00:00:00.000,6818111,681890,30706,11441
2021-07-09T00:00:00.000,6818111,682147,30737,11448
2021-07-10T00:00:00.000,6818111,682433,30782,11450
2021-07-11T00:00:00.000,6818111,682673,30791,11450
2021-07-12T00:00:00.000,6818111,682856,30801,11450
2021-07-13T00:00:00.000,6818111,683202,30871,11459
2021-07-14T00:00:00.000,6818111,683614,30900,11467
2021-07-15T00:00:00.000,6818111,684054,30917,11471
2021-07-16T00:00:00.000,6818111,684499,30936,11477
2021-07-17T00:00:00.000,6818111,684956,30958,11482
2021-07-18T00:00:00.000,6818111,685210,30967,11482
2021-07-19T00:00:00.000,6818111,685485,30977,11483
2021-07-20T00:00:00.000,6818111,686206,31019,11487
2021-07-21T00:00:00.000,6818111,686884,31037,11491
2021-07-22T00:00:00.000,6818111,687550,31048,11493
2021-07-23T00:00:00.000,6818111,688300,31067,11500
2021-07-24T00:00:00.000,6818111,689080,31117,11507
2021-07-25T00:00:00.000,6818111,689678,31138,11506
2021-07-26T00:00:00.000,6818111,690183,31153,11506
2021-07-27T00:00:00.000,6818111,691018,31208,11515
2021-07-28T00:00:00.000,6818111,692105,31241,11522
2021-07-29T00:00:00.000,6818111,693206,31266,11525
2021-07-30T00:00:00.000,6818111,694384,31336,11532
2021-07-31T00:00:00.000,6818111,695630,31362,11533
2021-08-01T00:00:00.000,6818111,696774,31390,11533
2021-08-02T00:00:00.000,6818111,697939,31423,11534
2021-08-03T00:00:00.000,6818111,699342,31470,11536
2021-08-04T00:00:00.000,6818111,701059,31546,11541
2021-08-05T00:00:00.000,6818111,702819,31595,11546
2021-08-06T00:00:00.000,6818111,704664,31628,11558
2021-08-07T00:00:00.000,6818111,706448,31692,11569
2021-08-08T00:00:00.000,6818111,708021,31742,11570
2021-08-09T00:00:00.000,6818111,709319,31777,11571
2021-08-10T00:00:00.000,6818111,711078,31849,11578
2021-08-11T00:00:00.000,6818111,713195,31966,11581
2021-08-12T00:00:00.000,6818111,715556,32024,11583
2021-08-13T00:00:00.000,6818111,717826,32093,11599
2021-08-14T00:00:00.000,6818111,720128,32203,11615
2021-08-15T00:00:00.000,6818111,722015,32247,11617
2021-08-16T00:00:00.000,6818111,723727,32316,11618
2021-08-17T00:00:00.000,6818111,725971,32399,11625
2021-08-18T00:00:00.000,6818111,728523,32493,11632
2021-08-19T00:00:00.000,6818111,731287,32593,11638
2021-08-20T00:00:00.000,6818111,734079,32670,11647
2021-08-21T00:00:00.000,6818111,736772,32768,11674
2021-08-22T00:00:00.000,6818111,739185,32832,11674
2021-08-23T00:00:00.000,6818111,741160,32858,11675
2021-08-24T00:00:00.000,6818111,744187,32967,11693
2021-08-25T00:00:00.000,6818111,747641,33096,11715
2021-08-26T00:00:00.000,6818111,751132,33216,11729
2021-08-27T00:00:00.000,6818111,754652,33344,11769
2021-08-28T00:00:00.000,6818111,758188,33442,11810
2021-08-29T00:00:00.000,6818111,760657,33492,11810
2021-08-30T00:00:00.000,6818111,762948,33557,11810
2021-08-31T00:00:00.000,6818111,766435,33689,11842
2021-09-01T00:00:00.000,6818111,769842,33808,11861
2021-09-02T00:00:00.000,6818111,774097,33894,11879
2021-09-03T00:00:00.000,6818111,778167,34026,11899
2021-09-04T00:00:00.000,6818111,781745,34115,11912
2021-09-05T00:00:00.000,6818111,784515,34181,11926
2021-09-06T00:00:00.000,6818111,786910,34239,11929
2021-09-07T00:00:00.000,6818111,788917,34312,11947
2021-09-08T00:00:00.000,6818111,793396,34449,11977
2021-09-09T00:00:00.000,6818111,797348,34574,12010
2021-09-10T00:00:00.000,6818111,801827,34696,12036
2021-09-11T00:00:00.000,6818111,805852,34788,12063
2021-09-12T00:00:00.000,6818111,808776,34849,12080
2021-09-13T00:00:00.000,6818111,811079,34918,12089
2021-09-14T00:00:00.000,6818111,814738,35049,12118
2021-09-15T00:00:00.000,6818111,818804,35161,12170
2021-09-16T00:00:00.000,6818111,822985,35337,12207
2021-09-17T00:00:00.000,6818111,827197,35414,12242
2021-09-18T00:00:00.000,6818111,830847,35566,12274
2021-09-19T00:00:00.000,6818111,833763,35653,12297
2021-09-20T00:00:00.000,6818111,836140,35720,12312
2021-09-21T00:00:00.000,6818111,839475,35839,12364
2021-09-22T00:00:00.000,6818111,843212,35933,12409
2021-09-23T00:00:00.000,6818111,846979,36047,12463
2021-09-24T00:00:00.000,6818111,849865,36132,12511
2021-09-25T00:00:00.000,6818111,853287,36256,12557
2021-09-26T00:00:00.000,6818111,855855,36301,12589
2021-09-27T00:00:00.000,6818111,857852,36362,12592
2021-09-28T00:00:00.000,6818111,860493,36450,12647
2021-09-29T00:00:00.000,6818111,863644,36566,12696
2021-09-30T00:00:00.000,6818111,866776,36638,12750
2021-10-01T00:00:00.000,6818111,869328,36711,12806
2021-10-02T00:00:00.000,6818111,872833,36805,12849
2021-10-03T00:00:00.000,6818111,875341,36853,12884
2021-10-04T00:00:00.000,6818111,877090,36913,12908
2021-10-05T00:00:00.000,6818111,878518,36994,12955
2021-10-06T00:00:00.000,6818111,882437,37084,12999
2021-10-07T00:00:00.000,6818111,885323,37162,13031
2021-10-08T00:00:00.000,6818111,888159,37264,13075
2021-10-09T00:00:00.000,6818111,890691,37353,13123
2021-10-10T00:00:00.000,6818111,892584,37414,13158
2021-10-11T00:00:00.000,6818111,893607,37461,13175
2021-10-12T00:00:00.000,6818111,895619,37514,13219
2021-10-13T00:00:00.000,6818111,897978,37613,13285
2021-10-14T00:00:00.000,6818111,900581,37695,13345
2021-10-15T00:00:00.000,6818111,902938,37767,13391
2021-10-16T00:00:00.000,6818111,904297,37855,13432
2021-10-17T00:00:00.000,6818111,906655,37926,13469
2021-10-18T00:00:00.000,6818111,907882,37965,13486
2021-10-19T00:00:00.000,6818111,909499,38041,13538
2021-10-20T00:00:00.000,6818111,911321,38128,13585
2021-10-21T00:00:00.000,6818111,913100,38194,13624
2021-10-22T00:00:00.000,6818111,914755,38269,13668
2021-10-23T00:00:00.000,6818111,916504,38333,13708
2021-10-24T00:00:00.000,6818111,917757,38360,13738
2021-10-25T00:00:00.000,6818111,918700,38397,13745
2021-10-26T00:00:00.000,6818111,919999,38466,13793
2021-10-27T00:00:00.000,6818111,921630,38535,13827
2021-10-28T00:00:00.000,6818111,923125,38644,13870
2021-10-29T00:00:00.000,6818111,924771,38717,13907
2021-10-30T00:00:00.000,6818111,926179,38786,13948
2021-10-31T00:00:00.000,6818111,927165,38818,13976
2021-11-01T00:00:00.000,6818111,927999,38852,13984
2021-11-02T00:00:00.000,6818111,929244,38928,14020
2021-11-03T00:00:00.000,6818111,930679,38966,14052
2021-11-04T00:00:00.000,6818111,932173,39024,14089
2021-11-05T00:00:00.000,6818111,933542,39097,14125
2021-11-06T00:00:00.000,6818111,934928,39154,14155
2021-11-07T00:00:00.000,6818111,936015,39177,14181
2021-11-08T00:00:00.000,6818111,936928,39201,14190
2021-11-09T00:00:00.000,6818111,938376,39250,14225
2021-11-10T00:00:00.000,6818111,939783,39315,14261
2021-11-11T00:00:00.000,6818111,941371,39360,14294
2021-11-12T00:00:00.000,6818111,942837,39407,14321
2021-11-13T00:00:00.000,6818111,944138,39447,14355
2021-11-14T00:00:00.000,6818111,945190,39467,14380
2021-11-15T00:00:00.000,6818111,946061,39489,14392
2021-11-16T00:00:00.000,6818111,947271,39516,14422
2021-11-17T00:00:00.000,6818111,949803,39587,14443
2021-11-18T00:00:00.000,6818111,951698,39634,14469
2021-11-19T00:00:00.000,6818111,953460,39684,14492
2021-11-20T00:00:00.000,6818111,955098,39706,14521
2021-11-21T00:00:00.000,6818111,956473,39722,14543
2021-11-22T00:00:00.000,6818111,957570,39747,14548
2021-11-23T00:00:00.000,6818111,959156,39506,14573
2021-11-24T00:00:00.000,6818111,960691,39527,14597
2021-11-25T00:00:00.000,6818111,962472,39544,14616
2021-11-26T00:00:00.000,6818111,963739,39571,14635
2021-11-27T00:00:00.000,6818111,964887,39597,14656
2021-11-28T00:00:00.000,6818111,965776,39629,14677
2021-11-29T00:00:00.000,6818111,967209,39651,14684
2021-11-30T00:00:00.000,6818111,969116,39702,14710
2021-12-01T00:00:00.000,6818111,971529,39782,14730
2021-12-02T00:00:00.000,6818111,974001,39834,14741
2021-12-03T00:00:00.000,6818111,976599,39887,14753
2021-12-04T00:00:00.000,6818111,979219,39946,14764
2021-12-05T00:00:00.000,6818111,981379,39989,14770
2021-12-06T00:00:00.000,6818111,983055,40040,14771
2021-12-07T00:00:00.000,6818111,985297,40090,14798
2021-12-08T00:00:00.000,6818111,988147,40186,14838
2021-12-09T00:00:00.000,6818111,991221,40264,14868
2021-12-10T00:00:00.000,6818111,994069,40346,14895
2021-12-11T00:00:00.000,6818111,995561,40396,14929
2021-12-12T00:00:00.000,6818111,999026,40290,14952
2021-12-13T00:00:00.000,6818111,1000694,40300,14957
2021-12-14T00:00:00.000,6818111,1003110,40234,14992
2021-12-15T00:00:00.000,6818111,1006245,40119,15025
2021-12-16T00:00:00.000,6818111,1009933,40038,15055
2021-12-17T00:00:00.000,6818111,1013390,39963,15083
2021-12-18T00:00:00.000,6818111,1017398,40001,15115
2021-12-19T00:00:00.000,6818111,1020707,39984,15136
2021-12-20T00:00:00.000,6818111,1023698,39860,15136
2021-12-21T00:00:00.000,6818111,1028135,39935,15174
2021-12-22T00:00:00.000,6818111,1034107,40071,15224
2021-12-23T00:00:00.000,6818111,1040580,40203,15257
2021-12-24T00:00:00.000,6818111,1049336,40346,15294
2021-12-25T00:00:00.000,6818111,1057945,40527,15317
2021-12-26T00:00:00.000,6818111,1063377,40668,15317
2021-12-27T00:00:00.000,6818111,1067849,40797,15319
2021-12-28T00:00:00.000,6818111,1075288,40939,15504
2021-12-29T00:00:00.000,6818111,1087400,41337,15541
2021-12-30T00:00:00.000,6818111,1100900,41592,15565
2021-12-31T00:00:00.000,6818111,1118518,41862,15587
2022-01-01T00:00:00.000,6818111,1133230,42161,15601
2022-01-02T00:00:00.000,6818111,1152736,42717,15613
2022-01-03T00:00:00.000,6818111,1160703,42835,15615
2022-01-04T00:00:00.000,6818111,1176159,43267,15622
2022-01-05T00:00:00.000,6818111,1186887,43449,15631
2022-01-06T00:00:00.000,6818111,1202727,43755,15642
2022-01-07T00:00:00.000,6818111,1221036,44056,15651
2022-01-08T00:00:00.000,6818111,1247211,44439,15666
2022-01-09T00:00:00.000,6818111,1263276,44701,15671
2022-01-10T00:00:00.000,6818111,1278739,44973,15671
2022-01-11T00:00:00.000,6818111,1295420,45150,15715
2022-01-12T00:00:00.000,6818111,1315256,45375,15750
2022-01-13T00:00:00.000,6818111,1334198,45598,15785
2022-01-14T00:00:00.000,6818111,1351417,45827,15803
2022-01-15T00:00:00.000,6818111,1368259,46038,15809
2022-01-16T00:00:00.000,6818111,1386313,46229,15811
2022-01-17T00:00:00.000,6818111,1397155,46337,15814
2022-01-18T00:00:00.000,6818111,1407403,46464,15822
2022-01-19T00:00:00.000,6818111,1419883,46627,15835
2022-01-20T00:00:00.000,6818111,1434686,46775,15853
2022-01-21T00:00:00.000,6818111,1451713,46906,15852
2022-01-22T00:00:00.000,6818111,1464831,47018,15891
2022-01-23T00:00:00.000,6818111,1474139,47107,15919
2022-01-24T00:00:00.000,6818111,1481294,47179,15948
2022-01-25T00:00:00.000,6818111,1491993,47267,16002
2022-01-26T00:00:00.000,6818111,1503119,47398,16052
2022-01-27T00:00:00.000,6818111,1514862,47453,16088
2022-01-28T00:00:00.000,6818111,1525603,47546,16127
2022-01-29T00:00:00.000,6818111,1535331,47612,16168
2022-01-30T00:00:00.000,6818111,1541403,47645,16194
2022-01-31T00:00:00.000,6818111,1545650,47708,16217
2022-02-01T00:00:00.000,6818111,1551705,47610,16252
2022-02-02T00:00:00.000,6818111,1558383,47556,16412
2022-02-03T00:00:00.000,6818111,1565522,47236,16548
2022-02-04T00:00:00.000,6818111,1572022,47148,16703
2022-02-05T00:00:00.000,6818111,1577620,47152,16845
2022-02-06T00:00:00.000,6818111,1581409,47176,16973
2022-02-07T00:00:00.000,6818111,1584248,47201,17107
2022-02-08T00:00:00.000,6818111,1588937,47232,17227
2022-02-09T00:00:00.000,6818111,1593675,47183,17305
2022-02-10T00:00:00.000,6818111,1598402,47208,17393
2022-02-11T00:00:00.000,6818111,1602677,47170,17482
2022-02-12T00:00:00.000,6818111,1606632,47132,17584
2022-02-13T00:00:00.000,6818111,1608965,47118,17656
2022-02-14T00:00:00.000,6818111,1610726,47117,17697
2022-02-15T00:00:00.000,6818111,1613719,47143,17779
2022-02-16T00:00:00.000,6818111,1616749,47151,17878
2022-02-17T00:00:00.000,6818111,1619839,47156,17947
2022-02-18T00:00:00.000,6818111,1622685,47140,18016
2022-02-19T00:00:00.000,6818111,1625483,47103,18086
2022-02-20T00:00:00.000,6818111,1627238,47110,18145
2022-02-21T00:00:00.000,6818111,1628593,47122,18145
2022-02-22T00:00:00.000,6818111,1630682,47153,18230
2022-02-23T00:00:00.000,6818111,1632675,47199,18338
2022-02-24T00:00:00.000,6818111,1634851,47242,18440
2022-02-25T00:00:00.000,6818111,1636510,47258,18536
2022-02-26T00:00:00.000,6818111,1638449,47330,18683
2022-02-27T00:00:00.000,6818111,1639178,47335,18682
2022-02-28T00:00:00.000,6818111,1639942,47249,18771
2022-03-01T00:00:00.000,6818111,1641438,47284,18811
2022-03-02T00:00:00.000,6818111,1643050,47352,18859
2022-03-03T00:00:00.000,6818111,1644694,47414,18905
2022-03-04T00:00:00.000,6818111,1645791,47509,18955
2022-03-05T00:00:00.000,6818111,1647012,47579,19004
2022-03-06T00:00:00.000,6818111,1647659,47585,19043
2022-03-07T00:00:00.000,6818111,1648179,47594,19060
2022-03-08T00:00:00.000,6818111,1649266,47683,19098
2022-03-09T00:00:00.000,6818111,1650281,47764,19130
2022-03-10T00:00:00.000,6818111,1651940,47862,19165
2022-03-11T00:00:00.000,6818111,1653212,47948,19212
2022-03-12T00:00:00.000,6818111,1654127,48055,19258
2022-03-13T00:00:00.000,6818111,1654543,48063,19293
2022-03-14T00:00:00.000,6818111,1654893,48063,19315
2022-03-15T00:00:00.000,6818111,1656187,48188,19356
